-- This file was AI generated for testing purposes.
INSERT INTO users (id, display_name, email, password, role, user_tag, is_private) VALUES (100000000000009, 'Norma Fisher', 'ysullivan@yahoo.com', 'password', 'ROLE_USER', 'user1', false);
INSERT INTO users (id, display_name, email, password, role, user_tag, is_private) VALUES (200000000000009, 'Heather Snow', 'juancampos@lloyd.org', 'password', 'ROLE_USER', 'user2', false);
INSERT INTO users (id, display_name, email, password, role, user_tag, is_private) VALUES (300000000000009, 'Emily Blair', 'wcastro@yahoo.com', 'password', 'ROLE_USER', 'user3', false);
INSERT INTO users (id, display_name, email, password, role, user_tag, is_private) VALUES (400000000000009, 'Martin Harris', 'qgrimes@gmail.com', 'password', 'ROLE_USER', 'user4', false);
INSERT INTO users (id, display_name, email, password, role, user_tag, is_private) VALUES (500000000000009, 'Kimberly Smith', 'salazarmaria@yahoo.com', 'password', 'ROLE_USER', 'user5', false);
INSERT INTO users (id, display_name, email, password, role, user_tag, is_private) VALUES (600000000000009, 'Frederick Harrell', 'johnponce@west.net', 'password', 'ROLE_USER', 'user6', false);
INSERT INTO users (id, display_name, email, password, role, user_tag, is_private) VALUES (700000000000009, 'Mrs. Elizabeth Carter MD', 'tamaramorrison@hotmail.com', 'password', 'ROLE_USER', 'user7', false);
INSERT INTO users (id, display_name, email, password, role, user_tag, is_private) VALUES (800000000000009, 'Brandon Yates', 'kellylopez@gmail.com', 'password', 'ROLE_USER', 'user8', false);
INSERT INTO users (id, display_name, email, password, role, user_tag, is_private) VALUES (900000000000009, 'William Green', 'sheltondavid@mclean.net', 'password', 'ROLE_USER', 'user9', false);
INSERT INTO users (id, display_name, email, password, role, user_tag, is_private) VALUES (1000000000000090, 'Sara Warren', 'pattylawrence@riley-hayes.com', 'password', 'ROLE_USER', 'user10', false);
INSERT INTO users (id, display_name, email, password, role, user_tag, is_private) VALUES (1000000000000091, 'Louis Tucker', 'johndennis@gmail.com', 'password', 'ROLE_USER', 'user11', false);
INSERT INTO users (id, display_name, email, password, role, user_tag, is_private) VALUES (1000000000000092, 'Jacqueline Jackson', 'garciadustin@hotmail.com', 'password', 'ROLE_USER', 'user12', false);
INSERT INTO users (id, display_name, email, password, role, user_tag, is_private) VALUES (1000000000000093, 'Robert Walters', 'martinezjacob@wilson.com', 'password', 'ROLE_USER', 'user13', false);
INSERT INTO users (id, display_name, email, password, role, user_tag, is_private) VALUES (1000000000000094, 'Alex Woodward', 'mendozajessica@giles.net', 'password', 'ROLE_USER', 'user14', false);
INSERT INTO users (id, display_name, email, password, role, user_tag, is_private) VALUES (1000000000000095, 'Brian Green', 'lucasmichael@brown.com', 'password', 'ROLE_USER', 'user15', false);
INSERT INTO users (id, display_name, email, password, role, user_tag, is_private) VALUES (1000000000000096, 'Melissa Myers', 'rebecca79@gmail.com', 'password', 'ROLE_USER', 'user16', false);
INSERT INTO users (id, display_name, email, password, role, user_tag, is_private) VALUES (1000000000000097, 'Christina Saunders', 'matthewking@morse.biz', 'password', 'ROLE_USER', 'user17', false);
INSERT INTO users (id, display_name, email, password, role, user_tag, is_private) VALUES (1000000000000098, 'Shelly Lowery', 'qmonroe@gmail.com', 'password', 'ROLE_USER', 'user18', false);
INSERT INTO users (id, display_name, email, password, role, user_tag, is_private) VALUES (1000000000000099, 'Alexandria Harmon', 'stephensdennis@yahoo.com', 'password', 'ROLE_USER', 'user19', false);
INSERT INTO users (id, display_name, email, password, role, user_tag, is_private) VALUES (2000000000000090, 'Dwayne Howard', 'paul61@wheeler.com', 'password', 'ROLE_USER', 'user20', false);
INSERT INTO posts (id, title, content, user_id) VALUES (10000000001, 'Dream PM her then.', 'All the nothing sign remember close. Else citizen month maintain. Page a although for study anyone state.
Nature white without study candidate. I question first. Add senior woman put partner.', 1000000000000093);
INSERT INTO posts (id, title, content, user_id) VALUES (10000000002, 'Trial son break either president.', 'The everything affect American. Next water voice travel among. Pretty Republican total policy head Mrs debate onto.
Character four smile responsibility.', 1000000000000094);
INSERT INTO posts (id, title, content, user_id) VALUES (10000000003, 'Buy break marriage also friend reach.', 'Phone heart window police. Space cup determine his.
News face turn small research describe. Happy write end since.', 200000000000009);
INSERT INTO posts (id, title, content, user_id) VALUES (10000000004, 'Point institution miss quickly thousand street.', 'Myself use act relationship section. Stand along chance either six success. Family relationship like son might trip at candidate.
Serve large technology. Than leave he him.', 900000000000009);
INSERT INTO posts (id, title, content, user_id) VALUES (10000000005, 'Medical effort assume teacher wall.', 'His himself clearly very dream role. Area along individual man tell response.
In partner hit another likely character. Our car food.', 1000000000000097);
INSERT INTO posts (id, title, content, user_id) VALUES (10000000006, 'Although hot he couple ground.', 'What top always effort. War project occur. Director simply those physical maybe. Information figure box international not type very.', 1000000000000096);
INSERT INTO posts (id, title, content, user_id) VALUES (10000000007, 'Standard audience throw debate daughter.', 'Fall ready usually. Teacher cost both general where.
Whom gun list. Fast there network force or.
Mouth film heavy chair. Source firm drug senior.', 1000000000000093);
INSERT INTO posts (id, title, content, user_id) VALUES (10000000008, 'Know hard we around impact.', 'Kid he weight before control board. Newspaper read somebody land. Control instead company where future model.', 1000000000000090);
INSERT INTO posts (id, title, content, user_id) VALUES (10000000009, 'This American either moment ok.', 'Bill education exist sense training other. Audience energy move. Morning eat turn clear.', 1000000000000096);
INSERT INTO posts (id, title, content, user_id) VALUES (100000000010, 'Place score design major maybe manage.', 'Feel seat appear perform agent likely. Suffer without rather.
According American per yourself their record. Cell of course its respond.', 1000000000000092);
INSERT INTO posts (id, title, content, user_id) VALUES (100000000011, 'Town almost plan.', 'Arm point community particularly partner relate. Seem sign third in approach recent program.
Ok majority region democratic entire analysis. Glass face according as. Quite wife however TV law fund.', 1000000000000099);
INSERT INTO posts (id, title, content, user_id) VALUES (100000000012, 'Fine team effort gas Republican.', 'Various authority leave right answer.
Leave brother bank better she increase try. Partner stand next though house where. Majority campaign that various floor.', 700000000000009);
INSERT INTO posts (id, title, content, user_id) VALUES (100000000013, 'Eat expect save process score middle.', 'His evening wife north.
Produce develop story drive million push do. Lose old case administration measure happen play speech.', 1000000000000097);
INSERT INTO posts (id, title, content, user_id) VALUES (100000000014, 'New clear these speak say.', 'Region bad case I course first. Himself arrive although risk which. Television protect process difficult general class.
Of around piece government make article.', 500000000000009);
INSERT INTO posts (id, title, content, user_id) VALUES (100000000015, 'Itself group computer forget would section him.', 'Move source wonder relate service. Tv important hope about catch than method. Bag down stock computer.
Sea stuff no response.', 1000000000000090);
INSERT INTO posts (id, title, content, user_id) VALUES (100000000016, 'With significant now energy rather lay return.', 'Many again science alone quite old. Yet seven several might history. Decade not forget why under.', 500000000000009);
INSERT INTO posts (id, title, content, user_id) VALUES (100000000017, 'Could nature interest wear community college probably church.', 'Place myself his itself find add sing. Watch Mrs never wrong couple.
Suddenly seek choice produce. His less already treatment PM sometimes set. Gun word citizen.', 400000000000009);
INSERT INTO posts (id, title, content, user_id) VALUES (100000000018, 'When clearly type up.', 'Education think similar particular before. Manage several dark. Hit simple personal home they although.', 2000000000000090);
INSERT INTO posts (id, title, content, user_id) VALUES (100000000019, 'Image central challenge term memory.', 'Throughout treat relate respond. Role mind statement.
Wear general one bar nice spend. Son foreign remember site military. Your choice too need although one political. Time firm water.', 900000000000009);
INSERT INTO posts (id, title, content, user_id) VALUES (100000000020, 'Billion parent now from.', 'Gun subject PM carry understand consumer by. Though cover including artist find hope. Over some collection.
Approach great top series public none. Include air sort couple hold group but.', 1000000000000098);
INSERT INTO posts (id, title, content, user_id) VALUES (100000000021, 'Believe step four western likely almost training.', 'Where a front war receive. Company TV policy drug. Foreign agency when personal huge difficult player forget. Goal clear inside guy north.', 2000000000000090);
INSERT INTO posts (id, title, content, user_id) VALUES (100000000022, 'Industry nothing rather.', 'Hair describe hundred candidate. Probably whom it job likely different house.', 500000000000009);
INSERT INTO posts (id, title, content, user_id) VALUES (100000000023, 'Item bit leave left college listen.', 'Truth ten seven both happy central group line. Send cultural whatever computer on fast play.
Issue radio especially road get car party. All office less politics.', 1000000000000090);
INSERT INTO posts (id, title, content, user_id) VALUES (100000000024, 'Significant energy citizen physical why mouth.', 'Worker season figure they yeah get. Memory who yet spend raise child above.', 400000000000009);
INSERT INTO posts (id, title, content, user_id) VALUES (100000000025, 'These military part decade.', 'Again care hold those north. Upon beautiful open free medical lay. Per environmental medical nearly hour enter discover.', 300000000000009);
INSERT INTO posts (id, title, content, user_id) VALUES (100000000026, 'Only cup almost identify.', 'Research blood list girl sister their rate. Dinner stuff find different many. Unit begin fight institution school white team. Discuss very score loss.', 1000000000000091);
INSERT INTO posts (id, title, content, user_id) VALUES (100000000027, 'Sea upon full director race.', 'Message woman with not peace put maybe. Discussion military ability line hour wear star. Worker offer American behavior customer force.
Something hair do analysis. Movement can start paper tree bank.', 1000000000000096);
INSERT INTO posts (id, title, content, user_id) VALUES (100000000028, 'Still quality political other begin war.', 'Agency center sign career debate. Cut meet build black treat buy.
Condition natural can effort bad measure star. Law go simple improve language. Need when simple.', 1000000000000098);
INSERT INTO posts (id, title, content, user_id) VALUES (100000000029, 'Piece but arrive garden free perform civil.', 'Question in court hospital skin soon. Thought radio minute rich consumer type. Old charge read management production up our allow.', 400000000000009);
INSERT INTO posts (id, title, content, user_id) VALUES (100000000030, 'Response hospital wrong fish yeah attack.', 'Seem west hour less. Decide happy another image because include now.
Decision above you carry poor majority herself. At painting room sell daughter pay growth. Seat should dream whose.', 1000000000000092);
INSERT INTO posts (id, title, content, user_id) VALUES (100000000031, 'Second until direction opportunity very analysis.', 'Once machine western month itself history the bring. Professor while seven those budget involve all evening. Break factor pattern PM seat my.', 1000000000000094);
INSERT INTO posts (id, title, content, user_id) VALUES (100000000032, 'Edge bit avoid yourself.', 'Alone subject development best student describe concern. Human participant seat give especially.', 1000000000000091);
INSERT INTO posts (id, title, content, user_id) VALUES (100000000033, 'Never ten become me story but order.', 'Company drop join recognize all structure. Away wish finish within president. Any remain support realize cause.', 2000000000000090);
INSERT INTO posts (id, title, content, user_id) VALUES (100000000034, 'Moment buy east example identify likely.', 'Remember take ground eat. Sometimes small control work name.
Ten return understand relate church. Can street race seat model similar sometimes.
So suggest artist cold measure defense mouth.', 700000000000009);
INSERT INTO posts (id, title, content, user_id) VALUES (100000000035, 'Only scientist teach seven.', 'Speak really eat report to product outside.
Add challenge project happen white. Politics effect against southern very talk part. List key little fast speak tree.', 1000000000000098);
INSERT INTO posts (id, title, content, user_id) VALUES (100000000036, 'Appear role why learn attention cut billion.', 'Stay describe time. Community whole growth speech across yard admit parent.
While door statement scene teach. Old site record should.
Mother good decade TV culture continue condition probably.', 1000000000000096);
INSERT INTO posts (id, title, content, user_id) VALUES (100000000037, 'Resource part instead city type short rather.', 'Significant stuff section lot rather beyond share energy. Play meeting movie avoid.
Address simply catch but his within though finish.
Reflect popular see different. Include try agree out human.', 1000000000000095);
INSERT INTO posts (id, title, content, user_id) VALUES (100000000038, 'Then police choice cell.', 'Voice boy forward science. Study form seem beat debate late. Like money ball keep since my necessary.', 1000000000000097);
INSERT INTO posts (id, title, content, user_id) VALUES (100000000039, 'Level generation since also himself with garden mention.', 'Baby book itself people nation million born. Now always hand.
Magazine series think industry specific. Pressure local rise general sort. Two seven lose probably.', 900000000000009);
INSERT INTO posts (id, title, content, user_id) VALUES (100000000040, 'Century involve down herself drive effort drop onto.', 'Draw front plan focus century service nearly. Relate others throw land daughter consider group. Report become market decision hope.', 200000000000009);
INSERT INTO likes (user_id, post_id) VALUES (1000000000000092, 10000000004);
INSERT INTO likes (user_id, post_id) VALUES (700000000000009, 100000000026);
INSERT INTO likes (user_id, post_id) VALUES (1000000000000099, 100000000040);
INSERT INTO likes (user_id, post_id) VALUES (1000000000000095, 100000000039);
INSERT INTO likes (user_id, post_id) VALUES (2000000000000090, 100000000020);
INSERT INTO likes (user_id, post_id) VALUES (900000000000009, 10000000008);
INSERT INTO likes (user_id, post_id) VALUES (500000000000009, 100000000019);
INSERT INTO likes (user_id, post_id) VALUES (800000000000009, 100000000018);
INSERT INTO likes (user_id, post_id) VALUES (1000000000000095, 10000000005);
INSERT INTO likes (user_id, post_id) VALUES (700000000000009, 100000000010);
INSERT INTO likes (user_id, post_id) VALUES (300000000000009, 10000000006);
INSERT INTO likes (user_id, post_id) VALUES (1000000000000099, 10000000002);
INSERT INTO likes (user_id, post_id) VALUES (500000000000009, 100000000021);
INSERT INTO likes (user_id, post_id) VALUES (2000000000000090, 100000000040);
INSERT INTO likes (user_id, post_id) VALUES (300000000000009, 100000000033);
INSERT INTO likes (user_id, post_id) VALUES (1000000000000093, 100000000010);
INSERT INTO likes (user_id, post_id) VALUES (500000000000009, 100000000039);
INSERT INTO likes (user_id, post_id) VALUES (700000000000009, 10000000003);
INSERT INTO likes (user_id, post_id) VALUES (600000000000009, 100000000013);
INSERT INTO likes (user_id, post_id) VALUES (800000000000009, 100000000032);
INSERT INTO likes (user_id, post_id) VALUES (100000000000009, 100000000026);
INSERT INTO likes (user_id, post_id) VALUES (2000000000000090, 100000000015);
INSERT INTO likes (user_id, post_id) VALUES (500000000000009, 100000000014);
INSERT INTO likes (user_id, post_id) VALUES (700000000000009, 10000000005);
INSERT INTO likes (user_id, post_id) VALUES (1000000000000098, 100000000014);
INSERT INTO likes (user_id, post_id) VALUES (2000000000000090, 100000000017);
INSERT INTO likes (user_id, post_id) VALUES (1000000000000092, 100000000022);
INSERT INTO likes (user_id, post_id) VALUES (300000000000009, 100000000019);
INSERT INTO likes (user_id, post_id) VALUES (500000000000009, 100000000016);
INSERT INTO likes (user_id, post_id) VALUES (500000000000009, 100000000025);
INSERT INTO likes (user_id, post_id) VALUES (1000000000000094, 100000000037);
INSERT INTO likes (user_id, post_id) VALUES (1000000000000095, 10000000002);
INSERT INTO likes (user_id, post_id) VALUES (400000000000009, 100000000036);
INSERT INTO likes (user_id, post_id) VALUES (800000000000009, 100000000027);
INSERT INTO likes (user_id, post_id) VALUES (100000000000009, 100000000021);
INSERT INTO likes (user_id, post_id) VALUES (2000000000000090, 100000000028);
INSERT INTO likes (user_id, post_id) VALUES (300000000000009, 100000000021);
INSERT INTO likes (user_id, post_id) VALUES (2000000000000090, 100000000037);
INSERT INTO likes (user_id, post_id) VALUES (900000000000009, 100000000016);
INSERT INTO likes (user_id, post_id) VALUES (100000000000009, 10000000005);
INSERT INTO likes (user_id, post_id) VALUES (1000000000000096, 10000000003);
INSERT INTO likes (user_id, post_id) VALUES (1000000000000095, 100000000013);
INSERT INTO likes (user_id, post_id) VALUES (800000000000009, 100000000029);
INSERT INTO likes (user_id, post_id) VALUES (700000000000009, 10000000009);
INSERT INTO likes (user_id, post_id) VALUES (800000000000009, 100000000038);
INSERT INTO likes (user_id, post_id) VALUES (100000000000009, 100000000032);
INSERT INTO likes (user_id, post_id) VALUES (600000000000009, 100000000040);
INSERT INTO likes (user_id, post_id) VALUES (400000000000009, 100000000022);
INSERT INTO likes (user_id, post_id) VALUES (700000000000009, 100000000039);
INSERT INTO likes (user_id, post_id) VALUES (1000000000000095, 10000000006);
INSERT INTO likes (user_id, post_id) VALUES (100000000000009, 100000000016);
INSERT INTO likes (user_id, post_id) VALUES (200000000000009, 100000000015);
INSERT INTO likes (user_id, post_id) VALUES (2000000000000090, 10000000005);
INSERT INTO likes (user_id, post_id) VALUES (300000000000009, 10000000007);
INSERT INTO likes (user_id, post_id) VALUES (2000000000000090, 100000000023);
INSERT INTO likes (user_id, post_id) VALUES (1000000000000092, 100000000028);
INSERT INTO likes (user_id, post_id) VALUES (800000000000009, 10000000006);
INSERT INTO likes (user_id, post_id) VALUES (900000000000009, 100000000032);
INSERT INTO likes (user_id, post_id) VALUES (2000000000000090, 10000000007);
INSERT INTO likes (user_id, post_id) VALUES (600000000000009, 100000000017);
INSERT INTO likes (user_id, post_id) VALUES (500000000000009, 10000000006);
INSERT INTO likes (user_id, post_id) VALUES (200000000000009, 100000000010);
INSERT INTO likes (user_id, post_id) VALUES (300000000000009, 100000000039);
INSERT INTO likes (user_id, post_id) VALUES (500000000000009, 100000000036);
INSERT INTO likes (user_id, post_id) VALUES (200000000000009, 100000000037);
INSERT INTO likes (user_id, post_id) VALUES (700000000000009, 100000000018);
INSERT INTO likes (user_id, post_id) VALUES (1000000000000096, 100000000039);
INSERT INTO likes (user_id, post_id) VALUES (1000000000000097, 100000000013);
INSERT INTO likes (user_id, post_id) VALUES (300000000000009, 100000000032);
INSERT INTO likes (user_id, post_id) VALUES (500000000000009, 100000000029);
INSERT INTO likes (user_id, post_id) VALUES (1000000000000091, 100000000015);
INSERT INTO likes (user_id, post_id) VALUES (1000000000000091,1000000000 24);
INSERT INTO likes (user_id, post_id) VALUES (600000000000009, 10000000003);
INSERT INTO likes (user_id, post_id) VALUES (600000000000009, 100000000012);
INSERT INTO likes (user_id, post_id) VALUES (1000000000000095, 100000000024);
INSERT INTO likes (user_id, post_id) VALUES (100000000000009, 10000000006);
INSERT INTO likes (user_id, post_id) VALUES (1000000000000090,1000000000 18);
INSERT INTO likes (user_id, post_id) VALUES (1000000000000095, 10000000008);
INSERT INTO likes (user_id, post_id) VALUES (1000000000000095, 100000000026);
INSERT INTO likes (user_id, post_id) VALUES (1000000000000098, 100000000031);
INSERT INTO likes (user_id, post_id) VALUES (800000000000009, 100000000014);
INSERT INTO likes (user_id, post_id) VALUES (900000000000009, 100000000013);
INSERT INTO likes (user_id, post_id) VALUES (800000000000009, 100000000023);
INSERT INTO likes (user_id, post_id) VALUES (900000000000009, 100000000022);
INSERT INTO likes (user_id, post_id) VALUES (200000000000009, 100000000016);
INSERT INTO likes (user_id, post_id) VALUES (700000000000009, 10000000006);
INSERT INTO likes (user_id, post_id) VALUES (900000000000009, 100000000040);
INSERT INTO likes (user_id, post_id) VALUES (1000000000000095, 100000000037);
INSERT INTO likes (user_id, post_id) VALUES (100000000000009, 10000000001);
INSERT INTO likes (user_id, post_id) VALUES (300000000000009, 100000000020);
INSERT INTO likes (user_id, post_id) VALUES (800000000000009, 100000000016);
INSERT INTO likes (user_id, post_id) VALUES (300000000000009, 100000000029);
INSERT INTO likes (user_id, post_id) VALUES (1000000000000093, 100000000015);
INSERT INTO likes (user_id, post_id) VALUES (1000000000000098, 10000000008);
INSERT INTO likes (user_id, post_id) VALUES (100000000000009, 100000000022);

-- FOLLOWS
INSERT INTO follows (follower_id, followee_id) VALUES (100000000000009, 200000000000009);
INSERT INTO follows (follower_id, followee_id) VALUES (100000000000009, 300000000000009);
INSERT INTO follows (follower_id, followee_id) VALUES (200000000000009, 300000000000009);
INSERT INTO follows (follower_id, followee_id) VALUES (200000000000009, 400000000000009);
INSERT INTO follows (follower_id, followee_id) VALUES (300000000000009, 100000000000009);
INSERT INTO follows (follower_id, followee_id) VALUES (400000000000009, 100000000000009);
INSERT INTO follows (follower_id, followee_id) VALUES (400000000000009, 200000000000009);
INSERT INTO follows (follower_id, followee_id) VALUES (500000000000009, 100000000000009);
INSERT INTO follows (follower_id, followee_id) VALUES (500000000000009, 200000000000009);
INSERT INTO follows (follower_id, followee_id) VALUES (600000000000009, 100000000000009);
INSERT INTO follows (follower_id, followee_id) VALUES (600000000000009, 200000000000009);
INSERT INTO follows (follower_id, followee_id) VALUES (700000000000009, 100000000000009);
INSERT INTO follows (follower_id, followee_id) VALUES (700000000000009, 200000000000009);
INSERT INTO follows (follower_id, followee_id) VALUES (800000000000009, 100000000000009);
INSERT INTO follows (follower_id, followee_id) VALUES (800000000000009, 200000000000009);
